<?xml version="1.0" encoding="UTF-8" ?>
<!DOCTYPE mapper PUBLIC "-//mybatis.org//DTD Mapper 3.0//EN" "http://mybatis.org/dtd/mybatis-3-mapper.dtd" >
<mapper namespace="com.fjk.hotel.user.mapper.GuestBookMapper" >
  <resultMap id="BaseResultMap" type="com.fjk.hotel.user.po.GuestBook" >
    <!--
      WARNING - @mbggenerated
      This element is automatically generated by MyBatis Generator, do not modify.
      This element was generated on Thu Jan 11 10:17:43 CST 2018.
    -->
    <id column="id" property="id" jdbcType="BIGINT" />
    <result column="user_id" property="userId" jdbcType="BIGINT" />
    <result column="message" property="message" jdbcType="VARCHAR" />
    <result column="create_time" property="createTime" jdbcType="DATE" />
    <association property="User">
      <result column="user_name" property="userName" jdbcType="VARCHAR"/>
    </association>
  </resultMap>

<select id="selectAllMessage" resultMap="BaseResultMap" parameterType="com.fjk.hotel.user.po.GuestBook">
  SELECT gb.*,u.user_name
  FROM t_guestbook gb
  LEFT JOIN
  t_user u
  ON
  gb.user_id=u.user_id
</select>

  <insert id="insertMessage" parameterType="com.fjk.hotel.user.po.GuestBook">
    INSERT INTO
    t_guestbook
    (
        user_id,message,create_time
    )
    VALUES
    (
        #{userId},#{message},#{createTime}
    )
  </insert>

</mapper>