<?xml version="1.0" encoding="UTF-8" ?>
<!DOCTYPE mapper PUBLIC "-//mybatis.org//DTD Mapper 3.0//EN" "http://mybatis.org/dtd/mybatis-3-mapper.dtd" >
<mapper namespace="com.fjk.hotel.user.mapper.RoleMapper" >
  <resultMap id="BaseResultMap" type="com.fjk.hotel.user.po.Role" >
    <!--
      WARNING - @mbggenerated
      This element is automatically generated by MyBatis Generator, do not modify.
      This element was generated on Thu Jan 11 10:17:43 CST 2018.
    -->
    <id column="role_id" property="roleId" jdbcType="BIGINT" />
    <result column="role_name" property="roleName" jdbcType="VARCHAR" />
    <result column="create_time" property="createTime" jdbcType="TIMESTAMP" />
  </resultMap>
  <sql id="Example_Where_Clause" >
    <!--
      WARNING - @mbggenerated
      This element is automatically generated by MyBatis Generator, do not modify.
      This element was generated on Thu Jan 11 10:17:43 CST 2018.
    -->
    <where >
      <foreach collection="oredCriteria" item="criteria" separator="or" >
        <if test="criteria.valid" >
          <trim prefix="(" suffix=")" prefixOverrides="and" >
            <foreach collection="criteria.criteria" item="criterion" >
              <choose >
                <when test="criterion.noValue" >
                  and ${criterion.condition}
                </when>
                <when test="criterion.singleValue" >
                  and ${criterion.condition} #{criterion.value}
                </when>
                <when test="criterion.betweenValue" >
                  and ${criterion.condition} #{criterion.value} and #{criterion.secondValue}
                </when>
                <when test="criterion.listValue" >
                  and ${criterion.condition}
                  <foreach collection="criterion.value" item="listItem" open="(" close=")" separator="," >
                    #{listItem}
                  </foreach>
                </when>
              </choose>
            </foreach>
          </trim>
        </if>
      </foreach>
    </where>
  </sql>
  <sql id="Update_By_Example_Where_Clause" >
    <!--
      WARNING - @mbggenerated
      This element is automatically generated by MyBatis Generator, do not modify.
      This element was generated on Thu Jan 11 10:17:43 CST 2018.
    -->
    <where >
      <foreach collection="example.oredCriteria" item="criteria" separator="or" >
        <if test="criteria.valid" >
          <trim prefix="(" suffix=")" prefixOverrides="and" >
            <foreach collection="criteria.criteria" item="criterion" >
              <choose >
                <when test="criterion.noValue" >
                  and ${criterion.condition}
                </when>
                <when test="criterion.singleValue" >
                  and ${criterion.condition} #{criterion.value}
                </when>
                <when test="criterion.betweenValue" >
                  and ${criterion.condition} #{criterion.value} and #{criterion.secondValue}
                </when>
                <when test="criterion.listValue" >
                  and ${criterion.condition}
                  <foreach collection="criterion.value" item="listItem" open="(" close=")" separator="," >
                    #{listItem}
                  </foreach>
                </when>
              </choose>
            </foreach>
          </trim>
        </if>
      </foreach>
    </where>
  </sql>
  <sql id="Base_Column_List" >
    <!--
      WARNING - @mbggenerated
      This element is automatically generated by MyBatis Generator, do not modify.
      This element was generated on Thu Jan 11 10:17:43 CST 2018.
    -->
    role_id, role_name, create_time
  </sql>
  <select id="selectByExample" resultMap="BaseResultMap" parameterType="com.fjk.hotel.user.po.RoleExample" >
    <!--
      WARNING - @mbggenerated
      This element is automatically generated by MyBatis Generator, do not modify.
      This element was generated on Thu Jan 11 10:17:43 CST 2018.
    -->
    select
    <if test="distinct" >
      distinct
    </if>
    'true' as QUERYID,
    <include refid="Base_Column_List" />
    from t_role
    <if test="_parameter != null" >
      <include refid="Example_Where_Clause" />
    </if>
    <if test="orderByClause != null" >
      order by ${orderByClause}
    </if>
  </select>
  <select id="selectByPrimaryKey" resultMap="BaseResultMap" parameterType="java.lang.Long" >
    <!--
      WARNING - @mbggenerated
      This element is automatically generated by MyBatis Generator, do not modify.
      This element was generated on Thu Jan 11 10:17:43 CST 2018.
    -->
    select 
    <include refid="Base_Column_List" />
    from t_role
    where role_id = #{roleId,jdbcType=BIGINT}
  </select>
  <delete id="deleteByPrimaryKey" parameterType="java.lang.Long" >
    <!--
      WARNING - @mbggenerated
      This element is automatically generated by MyBatis Generator, do not modify.
      This element was generated on Thu Jan 11 10:17:43 CST 2018.
    -->
    delete from t_role
    where role_id = #{roleId,jdbcType=BIGINT}
  </delete>
  <delete id="deleteByExample" parameterType="com.fjk.hotel.user.po.RoleExample" >
    <!--
      WARNING - @mbggenerated
      This element is automatically generated by MyBatis Generator, do not modify.
      This element was generated on Thu Jan 11 10:17:43 CST 2018.
    -->
    delete from t_role
    <if test="_parameter != null" >
      <include refid="Example_Where_Clause" />
    </if>
  </delete>
  <insert id="insert" parameterType="com.fjk.hotel.user.po.Role" >
    <!--
      WARNING - @mbggenerated
      This element is automatically generated by MyBatis Generator, do not modify.
      This element was generated on Thu Jan 11 10:17:43 CST 2018.
    -->
    insert into t_role (role_id, role_name, create_time
      )
    values (#{roleId,jdbcType=BIGINT}, #{roleName,jdbcType=VARCHAR}, #{createTime,jdbcType=TIMESTAMP}
      )
  </insert>
  <insert id="insertSelective" parameterType="com.fjk.hotel.user.po.Role" >
    <!--
      WARNING - @mbggenerated
      This element is automatically generated by MyBatis Generator, do not modify.
      This element was generated on Thu Jan 11 10:17:43 CST 2018.
    -->
    insert into t_role
    <trim prefix="(" suffix=")" suffixOverrides="," >
      <if test="roleId != null" >
        role_id,
      </if>
      <if test="roleName != null" >
        role_name,
      </if>
      <if test="createTime != null" >
        create_time,
      </if>
    </trim>
    <trim prefix="values (" suffix=")" suffixOverrides="," >
      <if test="roleId != null" >
        #{roleId,jdbcType=BIGINT},
      </if>
      <if test="roleName != null" >
        #{roleName,jdbcType=VARCHAR},
      </if>
      <if test="createTime != null" >
        #{createTime,jdbcType=TIMESTAMP},
      </if>
    </trim>
  </insert>
  <select id="countByExample" parameterType="com.fjk.hotel.user.po.RoleExample" resultType="java.lang.Integer" >
    <!--
      WARNING - @mbggenerated
      This element is automatically generated by MyBatis Generator, do not modify.
      This element was generated on Thu Jan 11 10:17:43 CST 2018.
    -->
    select count(*) from t_role
    <if test="_parameter != null" >
      <include refid="Example_Where_Clause" />
    </if>
  </select>
  <update id="updateByExampleSelective" parameterType="map" >
    <!--
      WARNING - @mbggenerated
      This element is automatically generated by MyBatis Generator, do not modify.
      This element was generated on Thu Jan 11 10:17:43 CST 2018.
    -->
    update t_role
    <set >
      <if test="record.roleId != null" >
        role_id = #{record.roleId,jdbcType=BIGINT},
      </if>
      <if test="record.roleName != null" >
        role_name = #{record.roleName,jdbcType=VARCHAR},
      </if>
      <if test="record.createTime != null" >
        create_time = #{record.createTime,jdbcType=TIMESTAMP},
      </if>
    </set>
    <if test="_parameter != null" >
      <include refid="Update_By_Example_Where_Clause" />
    </if>
  </update>
  <update id="updateByExample" parameterType="map" >
    <!--
      WARNING - @mbggenerated
      This element is automatically generated by MyBatis Generator, do not modify.
      This element was generated on Thu Jan 11 10:17:43 CST 2018.
    -->
    update t_role
    set role_id = #{record.roleId,jdbcType=BIGINT},
      role_name = #{record.roleName,jdbcType=VARCHAR},
      create_time = #{record.createTime,jdbcType=TIMESTAMP}
    <if test="_parameter != null" >
      <include refid="Update_By_Example_Where_Clause" />
    </if>
  </update>
  <update id="updateByPrimaryKeySelective" parameterType="com.fjk.hotel.user.po.Role" >
    <!--
      WARNING - @mbggenerated
      This element is automatically generated by MyBatis Generator, do not modify.
      This element was generated on Thu Jan 11 10:17:43 CST 2018.
    -->
    update t_role
    <set >
      <if test="roleName != null" >
        role_name = #{roleName,jdbcType=VARCHAR},
      </if>
      <if test="createTime != null" >
        create_time = #{createTime,jdbcType=TIMESTAMP},
      </if>
    </set>
    where role_id = #{roleId,jdbcType=BIGINT}
  </update>
  <update id="updateByPrimaryKey" parameterType="com.fjk.hotel.user.po.Role" >
    <!--
      WARNING - @mbggenerated
      This element is automatically generated by MyBatis Generator, do not modify.
      This element was generated on Thu Jan 11 10:17:43 CST 2018.
    -->
    update t_role
    set role_name = #{roleName,jdbcType=VARCHAR},
      create_time = #{createTime,jdbcType=TIMESTAMP}
    where role_id = #{roleId,jdbcType=BIGINT}
  </update>
</mapper>