<?xml version="1.0" encoding="UTF-8" ?>
<!DOCTYPE mapper PUBLIC "-//mybatis.org//DTD Mapper 3.0//EN" "http://mybatis.org/dtd/mybatis-3-mapper.dtd" >
<mapper namespace="com.fjk.hotel.user.mapper.UserMapper" >
  <resultMap id="BaseResultMap" type="com.fjk.hotel.user.po.User" >
    <!--
      WARNING - @mbggenerated
      This element is automatically generated by MyBatis Generator, do not modify.
      This element was generated on Thu Jan 11 10:17:43 CST 2018.
    -->
    <id column="user_id" property="userId" jdbcType="BIGINT" />
    <result column="password" property="password" jdbcType="VARCHAR" />
    <result column="create_time" property="createTime" jdbcType="DATE" />
    <result column="user_name" property="userName" jdbcType="VARCHAR" />
    <result column="phone" property="phone" jdbcType="VARCHAR" />
    <result column="status_id" property="statusId" jdbcType="BIGINT" />
    <result column="update_time" property="updateTime" jdbcType="DATE" />
  </resultMap>
  <sql id="Example_Where_Clause" >
    <!--
      WARNING - @mbggenerated
      This element is automatically generated by MyBatis Generator, do not modify.
      This element was generated on Thu Jan 11 10:17:43 CST 2018.
    -->
    <where >
      <foreach collection="oredCriteria" item="criteria" separator="or" >
        <if test="criteria.valid" >
          <trim prefix="(" suffix=")" prefixOverrides="and" >
            <foreach collection="criteria.criteria" item="criterion" >
              <choose >
                <when test="criterion.noValue" >
                  and ${criterion.condition}
                </when>
                <when test="criterion.singleValue" >
                  and ${criterion.condition} #{criterion.value}
                </when>
                <when test="criterion.betweenValue" >
                  and ${criterion.condition} #{criterion.value} and #{criterion.secondValue}
                </when>
                <when test="criterion.listValue" >
                  and ${criterion.condition}
                  <foreach collection="criterion.value" item="listItem" open="(" close=")" separator="," >
                    #{listItem}
                  </foreach>
                </when>
              </choose>
            </foreach>
          </trim>
        </if>
      </foreach>
    </where>
  </sql>
  <sql id="Update_By_Example_Where_Clause" >
    <!--
      WARNING - @mbggenerated
      This element is automatically generated by MyBatis Generator, do not modify.
      This element was generated on Thu Jan 11 10:17:43 CST 2018.
    -->
    <where >
      <foreach collection="example.oredCriteria" item="criteria" separator="or" >
        <if test="criteria.valid" >
          <trim prefix="(" suffix=")" prefixOverrides="and" >
            <foreach collection="criteria.criteria" item="criterion" >
              <choose >
                <when test="criterion.noValue" >
                  and ${criterion.condition}
                </when>
                <when test="criterion.singleValue" >
                  and ${criterion.condition} #{criterion.value}
                </when>
                <when test="criterion.betweenValue" >
                  and ${criterion.condition} #{criterion.value} and #{criterion.secondValue}
                </when>
                <when test="criterion.listValue" >
                  and ${criterion.condition}
                  <foreach collection="criterion.value" item="listItem" open="(" close=")" separator="," >
                    #{listItem}
                  </foreach>
                </when>
              </choose>
            </foreach>
          </trim>
        </if>
      </foreach>
    </where>
  </sql>
  <sql id="Base_Column_List" >
    <!--
      WARNING - @mbggenerated
      This element is automatically generated by MyBatis Generator, do not modify.
      This element was generated on Thu Jan 11 10:17:43 CST 2018.
    -->
    user_id, password, create_time, user_name, phone, status_id, update_time
  </sql>
  <select id="selectByExample" resultMap="BaseResultMap" parameterType="com.fjk.hotel.user.po.UserExample" >
    <!--
      WARNING - @mbggenerated
      This element is automatically generated by MyBatis Generator, do not modify.
      This element was generated on Thu Jan 11 10:17:43 CST 2018.
    -->
    select
    <if test="distinct" >
      distinct
    </if>
    'true' as QUERYID,
    <include refid="Base_Column_List" />
    from t_user
    <if test="_parameter != null" >
      <include refid="Example_Where_Clause" />
    </if>
    <if test="orderByClause != null" >
      order by ${orderByClause}
    </if>
  </select>
  <select id="selectByPrimaryKey" resultMap="BaseResultMap" parameterType="java.lang.Long" >
    <!--
      WARNING - @mbggenerated
      This element is automatically generated by MyBatis Generator, do not modify.
      This element was generated on Thu Jan 11 10:17:43 CST 2018.
    -->
    select 
    <include refid="Base_Column_List" />
    from t_user
    where user_id = #{userId,jdbcType=BIGINT}
  </select>
  <delete id="deleteByPrimaryKey" parameterType="java.lang.Long" >
    <!--
      WARNING - @mbggenerated
      This element is automatically generated by MyBatis Generator, do not modify.
      This element was generated on Thu Jan 11 10:17:43 CST 2018.
    -->
    delete from t_user
    where user_id = #{userId,jdbcType=BIGINT}
  </delete>
  <delete id="deleteByExample" parameterType="com.fjk.hotel.user.po.UserExample" >
    <!--
      WARNING - @mbggenerated
      This element is automatically generated by MyBatis Generator, do not modify.
      This element was generated on Thu Jan 11 10:17:43 CST 2018.
    -->
    delete from t_user
    <if test="_parameter != null" >
      <include refid="Example_Where_Clause" />
    </if>
  </delete>
  <insert id="insert" parameterType="com.fjk.hotel.user.po.User" >
    <!--
      WARNING - @mbggenerated
      This element is automatically generated by MyBatis Generator, do not modify.
      This element was generated on Thu Jan 11 10:17:43 CST 2018.
    -->
    insert into t_user (user_id, password, create_time, 
      user_name, phone, status_id, 
      update_time)
    values (#{userId,jdbcType=BIGINT}, #{password,jdbcType=VARCHAR}, #{createTime,jdbcType=DATE}, 
      #{userName,jdbcType=VARCHAR}, #{phone,jdbcType=VARCHAR}, #{statusId,jdbcType=BIGINT}, 
      #{updateTime,jdbcType=DATE})
  </insert>
  <insert id="insertSelective" parameterType="com.fjk.hotel.user.po.User" >
    <!--
      WARNING - @mbggenerated
      This element is automatically generated by MyBatis Generator, do not modify.
      This element was generated on Thu Jan 11 10:17:43 CST 2018.
    -->
    insert into t_user
    <trim prefix="(" suffix=")" suffixOverrides="," >
      <if test="userId != null" >
        user_id,
      </if>
      <if test="password != null" >
        password,
      </if>
      <if test="createTime != null" >
        create_time,
      </if>
      <if test="userName != null" >
        user_name,
      </if>
      <if test="phone != null" >
        phone,
      </if>
      <if test="statusId != null" >
        status_id,
      </if>
      <if test="updateTime != null" >
        update_time,
      </if>
    </trim>
    <trim prefix="values (" suffix=")" suffixOverrides="," >
      <if test="userId != null" >
        #{userId,jdbcType=BIGINT},
      </if>
      <if test="password != null" >
        #{password,jdbcType=VARCHAR},
      </if>
      <if test="createTime != null" >
        #{createTime,jdbcType=DATE},
      </if>
      <if test="userName != null" >
        #{userName,jdbcType=VARCHAR},
      </if>
      <if test="phone != null" >
        #{phone,jdbcType=VARCHAR},
      </if>
      <if test="statusId != null" >
        #{statusId,jdbcType=BIGINT},
      </if>
      <if test="updateTime != null" >
        #{updateTime,jdbcType=DATE},
      </if>
    </trim>
  </insert>
  <select id="countByExample" parameterType="com.fjk.hotel.user.po.UserExample" resultType="java.lang.Integer" >
    <!--
      WARNING - @mbggenerated
      This element is automatically generated by MyBatis Generator, do not modify.
      This element was generated on Thu Jan 11 10:17:43 CST 2018.
    -->
    select count(*) from t_user
    <if test="_parameter != null" >
      <include refid="Example_Where_Clause" />
    </if>
  </select>
  <update id="updateByExampleSelective" parameterType="map" >
    <!--
      WARNING - @mbggenerated
      This element is automatically generated by MyBatis Generator, do not modify.
      This element was generated on Thu Jan 11 10:17:43 CST 2018.
    -->
    update t_user
    <set >
      <if test="record.userId != null" >
        user_id = #{record.userId,jdbcType=BIGINT},
      </if>
      <if test="record.password != null" >
        password = #{record.password,jdbcType=VARCHAR},
      </if>
      <if test="record.createTime != null" >
        create_time = #{record.createTime,jdbcType=DATE},
      </if>
      <if test="record.userName != null" >
        user_name = #{record.userName,jdbcType=VARCHAR},
      </if>
      <if test="record.phone != null" >
        phone = #{record.phone,jdbcType=VARCHAR},
      </if>
      <if test="record.statusId != null" >
        status_id = #{record.statusId,jdbcType=BIGINT},
      </if>
      <if test="record.updateTime != null" >
        update_time = #{record.updateTime,jdbcType=DATE},
      </if>
    </set>
    <if test="_parameter != null" >
      <include refid="Update_By_Example_Where_Clause" />
    </if>
  </update>
  <update id="updateByExample" parameterType="map" >
    <!--
      WARNING - @mbggenerated
      This element is automatically generated by MyBatis Generator, do not modify.
      This element was generated on Thu Jan 11 10:17:43 CST 2018.
    -->
    update t_user
    set user_id = #{record.userId,jdbcType=BIGINT},
      password = #{record.password,jdbcType=VARCHAR},
      create_time = #{record.createTime,jdbcType=DATE},
      user_name = #{record.userName,jdbcType=VARCHAR},
      phone = #{record.phone,jdbcType=VARCHAR},
      status_id = #{record.statusId,jdbcType=BIGINT},
      update_time = #{record.updateTime,jdbcType=DATE}
    <if test="_parameter != null" >
      <include refid="Update_By_Example_Where_Clause" />
    </if>
  </update>
  <update id="updateByPrimaryKeySelective" parameterType="com.fjk.hotel.user.po.User" >
    <!--
      WARNING - @mbggenerated
      This element is automatically generated by MyBatis Generator, do not modify.
      This element was generated on Thu Jan 11 10:17:43 CST 2018.
    -->
    update t_user
    <set >
      <if test="password != null" >
        password = #{password,jdbcType=VARCHAR},
      </if>
      <if test="createTime != null" >
        create_time = #{createTime,jdbcType=DATE},
      </if>
      <if test="userName != null" >
        user_name = #{userName,jdbcType=VARCHAR},
      </if>
      <if test="phone != null" >
        phone = #{phone,jdbcType=VARCHAR},
      </if>
      <if test="statusId != null" >
        status_id = #{statusId,jdbcType=BIGINT},
      </if>
      <if test="updateTime != null" >
        update_time = #{updateTime,jdbcType=DATE},
      </if>
    </set>
    where user_id = #{userId,jdbcType=BIGINT}
  </update>
  <update id="updateByPrimaryKey" parameterType="com.fjk.hotel.user.po.User" >
    <!--
      WARNING - @mbggenerated
      This element is automatically generated by MyBatis Generator, do not modify.
      This element was generated on Thu Jan 11 10:17:43 CST 2018.
    -->
    update t_user
    set password = #{password,jdbcType=VARCHAR},
      create_time = #{createTime,jdbcType=DATE},
      user_name = #{userName,jdbcType=VARCHAR},
      phone = #{phone,jdbcType=VARCHAR},
      status_id = #{statusId,jdbcType=BIGINT},
      update_time = #{updateTime,jdbcType=DATE}
    where user_id = #{userId,jdbcType=BIGINT}
  </update>
  
<select id="selectCustomer" resultMap="BaseResultMap">
  select u.user_id,u.user_name,u.phone,u.create_time,u.update_time
  from t_user u,t_role r,t_user_role ur
  where u.user_id=ur.user_id and r.role_id=ur.role_id and r.role_name='customer'
  <if test="userName!=null">
    and u.user_name like CONCAT(CONCAT('%', #{userName}), '%')
  </if>
</select>

  <resultMap id="EmpResultMap" type="com.fjk.hotel.user.po.User" extends="BaseResultMap">
    <association property="userStatus" javaType="com.fjk.hotel.user.po.UserStatus">
        <id column="status_id" property="statusId"/>
        <result column="status" property="status"/>
    </association>
  </resultMap>
  <select id="selectEmp" resultMap="EmpResultMap">
    select u.user_id,u.user_name,u.phone,us.status,u.status_id,u.create_time,u.update_time
    from t_user u,t_user_status us
    where u.status_id=us.status_id and u.status_id is not null
    <if test="userName!=null and userName!=''">
      and u.user_name like CONCAT(CONCAT('%', #{userName}), '%')
    </if>
    <if test="phone!=null and userName!=''">
      and u.phone like CONCAT(CONCAT('%', #{phone}), '%')
    </if>
    <if test="statusId!=0">
    and u.status_id=#{statusId}
  </if>
    <!--<if test="beginCreateTime!=null and beginCreateTime!=''">
      <![CDATA[ and DATE_FORMAT(u.create_time, '%Y-%m-%d')>=  DATE_FORMAT(#{beginCreateTime}, '%Y-%m-%d')]]>
    </if>
    <if test="endCreateTime!=null and endCreateTime!=''">
      <![CDATA[ and DATE_FORMAT(u.create_time, '%Y-%m-%d') <= DATE_FORMAT(#{endCreateTime}, '%Y-%m-%d')]]>
    </if>-->
  </select>

  <resultMap id="EmpResultMapById" type="com.fjk.hotel.user.po.User" extends="EmpResultMap">
    <result column="password" property="password"/>
  </resultMap>
  <select id="selectEmpById" resultMap="EmpResultMapById">
     select u.user_id,u.password,u.user_name,u.phone,us.status,u.status_id,u.create_time,u.update_time
    from t_user u,t_user_status us
    where u.status_id=us.status_id and u.user_id=#{userId}
  </select>

  <update id="updateEmpStatusById" >
    update t_user set status_id=#{statusId} where user_id=#{userId}
  </update>

  <!--根据登录名 获得所有的角色-->
  <select id="selectRoleNameSetByUserName" resultType="String">
    select r.role_name
    from t_user u
    LEFT JOIN t_user_role ur
    on u.user_id=ur.user_id
    LEFT JOIN t_role r
    on r.role_id=ur.role_id
    where u.user_name=#{userName}
  </select>

  <!--根据登录名 获得该用户的关联的权限名-->
  <select id="selectPermNameSetByUserName" resultType="String">
    select p.permission_name
    from t_user u
    LEFT JOIN t_user_role ur
    on u.user_id=ur.user_id
    LEFT JOIN t_role r
    on r.role_id=ur.role_id
    LEFT JOIN t_role_permission rp
    on r.role_id=rp.role_id
    LEFT JOIN t_permission p
    on rp.permission_id=p.permission_id
    where u.user_name=#{userName}
  </select>

  <resultMap id="messageResult" type="com.fjk.hotel.user.po.User" extends="BaseResultMap">
    <collection property="guestBookList" ofType="com.fjk.hotel.user.po.GuestBook">
      <id column="id" property="id" jdbcType="BIGINT" />
      <result column="user_id" property="userId" jdbcType="BIGINT" />
      <result column="message" property="message" jdbcType="VARCHAR" />
      <result column="create_time" property="createTime" jdbcType="DATE" />
    </collection>
  </resultMap>
  <select id="selectAllMessage" resultMap="messageResult">
    SELECT gb.*,u.user_name
      FROM t_guestbook gb
      LEFT JOIN
      t_user u
      ON
      gb.user_id=u.user_id
  </select>
</mapper>