<?xml version="1.0" encoding="UTF-8"?>
<beans xmlns="http://www.springframework.org/schema/beans"
       xmlns:xsi="http://www.w3.org/2001/XMLSchema-instance"
       xmlns:context="http://www.springframework.org/schema/context"
       xmlns:p="http://www.springframework.org/schema/p" xmlns:tx="http://www.springframework.org/schema/tx"
       xmlns:aop="http://www.springframework.org/schema/aop" xmlns:util="http://www.springframework.org/schema/util"
       xsi:schemaLocation="http://www.springframework.org/schema/beans
http://www.springframework.org/schema/beans/spring-beans.xsd http://www.springframework.org/schema/context http://www.springframework.org/schema/context/spring-context.xsd http://www.springframework.org/schema/tx http://www.springframework.org/schema/tx/spring-tx.xsd http://www.springframework.org/schema/aop http://www.springframework.org/schema/aop/spring-aop.xsd http://www.springframework.org/schema/util http://www.springframework.org/schema/util/spring-util.xsd">
    <bean id="dbRealm" class="com.fjk.hotel.user.realm.DbRealm">
        <property name="sysUserService" ref="sysUserServiceImpl"/>
        <property name="credentialsMatcher">
            <bean class="com.fjk.hotel.user.credentials.CustomerCredentialsMatcher"/>
        </property>
    </bean>

    <!--配置securityManager -->
    <bean id="securityManager" class="org.apache.shiro.web.mgt.DefaultWebSecurityManager">
        <!--使用自定义realm(认证，授权的数据源)-->
        <property name="realm" ref="dbRealm"/>
        <!--&lt;!&ndash;配置缓存管理，多次操作不重复执行认证与授权的方法&ndash;&gt;-->
        <property name="cacheManager" ref="ehCacheManager"/>
        <!--&lt;!&ndash;配置session管理器&ndash;&gt;-->
        <!--<property name="sessionManager" ref="sessionManager"/>-->
        <!--&lt;!&ndash;配置rememberMe管理器&ndash;&gt;-->
        <!--<property name="rememberMeManager" ref="rememberMeManager"/>-->
    </bean>

    <!--使用缓存组件 ehcache 使用缓存，不会频繁执行SQL到数据库进行查询-->
    <bean id="ehCacheManager" class="org.apache.shiro.cache.ehcache.EhCacheManager">
        <!--配置缓存配置文件-->
        <property name="cacheManagerConfigFile" value="classpath:ehcache/ehcache-shiro.xml"/>
    </bean>

    <!--配置shiro session管理器，注意：DefaultWebSessionManager-->
    <bean id="sessionManager" class="org.apache.shiro.web.session.mgt.DefaultWebSessionManager">
        <!--设置session失效时间为1小时，此配置会覆盖web.xml文件session失效时间的配置-->
        <property name="globalSessionTimeout" value="3600000"/>
        <!--是否从服务器内存中删除无效的session-->
        <property name="deleteInvalidSessions" value="true"/>
        <!--启用 session 验证定时任务执行器-->
        <property name="sessionValidationSchedulerEnabled" value="true"/>
        <!--指定使用定时任务验证处理类-->
        <property name="sessionValidationScheduler" ref="sessionValidationScheduler"/>
        <!--指定使用SessionDAO-->
        <property name="sessionDAO" ref="sessionDAO"/>
        <!--session id使用的cookie类-->
        <property name="sessionIdCookie" ref="sessionIdCookie"/>
        <!--启用 sessionIdCookie-->
        <property name="sessionIdCookieEnabled" value="true"/>
    </bean>
    <!--配置session 定时扫描器，定时清除session-->
    <bean id="sessionValidationScheduler" class="org.apache.shiro.session.mgt.quartz.QuartzSessionValidationScheduler">
        <!--定时器间隔扫描时间 1 小时 （根据 session 最后一次访问时间 扫描间隔时间）-->
        <property name="sessionValidationInterval" value="3600000"/>
        <!--使用session管理器-->
        <property name="sessionManager" ref="sessionManager"/>
    </bean>

    <!--配置 session id 生成器（使用shiro的id生成策略）-->
    <bean id="sessionIdGenerator" class="org.apache.shiro.session.mgt.eis.JavaUuidSessionIdGenerator"/>

    <!--配置SessionDAO-->
    <bean id="sessionDAO" class="org.apache.shiro.session.mgt.eis.EnterpriseCacheSessionDAO">
        <!--定义缓存名称，自定义-->
        <property name="activeSessionsCacheName" value="java102-activeSessionsCache"/>
        <!--配置使用session id生成器-->
        <property name="sessionIdGenerator" ref="sessionIdGenerator"/>
    </bean>

    <!--配置 sessionIdCookie-->
    <bean id="sessionIdCookie" class="org.apache.shiro.web.servlet.SimpleCookie">
        <!--配置JSessionIDD的名字，自定义-->
        <constructor-arg value="java102-session-id"/>
        <!--配置 该cookie不会 跨域的脚本攻击-->
        <property name="httpOnly" value="true"/>
        <!--设置cookie失效，-1位浏览器关闭失效-->
        <property name="maxAge" value="-1"/>
    </bean>

    <bean id="formAuthenticationFilter" class="com.fjk.hotel.user.filter.CustomerFormAuthenticationFilter">
        <property name="usernameParam" value="userName" />
        <property name="passwordParam" value="password" />
        <!--&lt;!&ndash;value值对应登录表单请求的url form表单的action属性值&ndash;&gt;-->
        <property name="loginUrl"  value="/backgroundmanage/login.jsp"/>
    </bean>

    <!--配置shiroFilter-->
    <bean id="shiroFilter" class="org.apache.shiro.spring.web.ShiroFilterFactoryBean">
        <!--配置shiro过滤器的 安全认证管理器-->
        <property name="securityManager" ref="securityManager"/>
        <!--登陆的路径，访问需要认证的路径，跳转的页面-->
        <property name="loginUrl" value="/backgroundmanage/login.jsp"/>
        <!--登录成功跳转的页面-->
        <property name="successUrl" value="/foreground/home.jsp"/>
        <!--访问需要权限，角色认证的路径或方法，如果认证成功，授权失败，跳转的页面-->
        <property name="unauthorizedUrl" value="/unauthorized.jsp"/>
        <!--配置过滤器链，哪些路径需要认证authc，匿名访问 anon,角色roles[customer]，权限perms[order:submit]-->
        <property name="filterChainDefinitions">
            <!--认证 /order/*=authc,roles[customer],perms[order:submit]
                /news.do=authc-->
            <!--
                anon 允许匿名访问
                authc 要认证才能访问
            -->
        <value>
            /backgroundmanage/login.jsp=authc
            /backgroundmanage/register.jsp=anon
            /backgroundmanage/*.html=anon
            /backgroundmanage/*=authc,perms[loginbackground]
            /*.do=authc,perms[loginbackground]
            /user/register.do=anon
            /user/checkName.do=anon
            /guestroom/getAllRoom.do=anon
            /guestroom/getBookingRoomById.do=authc
            /guestroom/giveupBooking.do=authc
            /guestroom/bookingGuestroom.do=authc
            /order/getMyOrder.do=authc
            /user/addMessage.do=authc
            /user/getAllMessage.do=anon
        </value>
        </property>
        <!--配置过滤器 重新配置或自定义的过滤器-->
        <property name="filters">
            <util:map>
                <!--认证：过滤 引用-->
                <entry key="authc" value-ref="formAuthenticationFilter"/>
            </util:map>
        </property>
      </bean>

    <!--配置bean的生命周期，交给spring管理-->
    <bean id="lifecycleBeanPostProcessor" class="org.apache.shiro.spring.LifecycleBeanPostProcessor"/>
    <!--配置注解自动代理-->
    <bean id="serviceDefaultAdvisorAutoProxyCreator" class="org.springframework.aop.framework.autoproxy.DefaultAdvisorAutoProxyCreator" depends-on="lifecycleBeanPostProcessor">
        <!--面向类的代理，代理Controller类-->
        <property name="proxyTargetClass" value="true"/>
    </bean>
    <!--配置 shiro 与 spring 整合的拦截器-->
    <bean id="serviceAuthorizationAttributeSourceAdvisor" class="org.apache.shiro.spring.security.interceptor.AuthorizationAttributeSourceAdvisor">
        <property name="securityManager" ref="securityManager"/>
    </bean>



</beans>