<?xml version="1.0" encoding="UTF-8"?>
<beans xmlns="http://www.springframework.org/schema/beans"
       xmlns:xsi="http://www.w3.org/2001/XMLSchema-instance"
       xmlns:context="http://www.springframework.org/schema/context"
       xmlns:p="http://www.springframework.org/schema/p" xmlns:tx="http://www.springframework.org/schema/tx"
       xmlns:aop="http://www.springframework.org/schema/aop"
       xsi:schemaLocation="http://www.springframework.org/schema/beans
http://www.springframework.org/schema/beans/spring-beans.xsd http://www.springframework.org/schema/context http://www.springframework.org/schema/context/spring-context.xsd http://www.springframework.org/schema/tx http://www.springframework.org/schema/tx/spring-tx.xsd http://www.springframework.org/schema/aop http://www.springframework.org/schema/aop/spring-aop.xsd">
    <!--导入另一个xml文件-->
    <import resource="classpath:spring/applicationContext-datasource.xml"/>
    <!--自定义sqlSession接口，相当于MybatisUtil-->
    <bean class="org.mybatis.spring.SqlSessionFactoryBean">
        <property name="dataSource" ref="dataSource"/>
        <!--代替mybatis配置文件中的mapper，交给spring文件管理-->
        <property name="mapperLocations" value="classpath:com.fjk.hotel/*/mapper/*Mapper.xml"/>
        <property name="configLocation" value="classpath:mybatis/mybatis-config.xml"/>
    </bean>
    <!--配置 自动代理 dao 层 接口-->
    <bean class="org.mybatis.spring.mapper.MapperScannerConfigurer">
        <property name="basePackage" value="com.fjk.hotel.*.mapper"/>
    </bean>

</beans>