<?xml version="1.0" encoding="UTF-8" ?>
<!DOCTYPE configuration
        PUBLIC "-//mybatis.org//DTD Config 3.0//EN"
        "http://mybatis.org/dtd/mybatis-3-config.dtd">
<configuration>
    <!--驼峰命名-->
    <settings>
        <setting name="mapUnderscoreToCamelCase" value="ture"/>
    </settings>
    <plugins>
        <plugin interceptor="com.github.pagehelper.PageInterceptor">
            <!-- property属性可以不用配置，新版本能自动识别底层数据库 -->
            <property name="param1" value="value"/>
        </plugin>
    </plugins>
</configuration>