<?xml version="1.0" encoding="UTF-8" ?>
<!DOCTYPE mapper PUBLIC "-//mybatis.org//DTD Mapper 3.0//EN" "http://mybatis.org/dtd/mybatis-3-mapper.dtd" >
<mapper namespace="com.fjk.hotel.order.mapper.CateGoryMapper" >
  <resultMap id="BaseResultMap" type="com.fjk.hotel.order.po.CateGory" >
    <!--
      WARNING - @mbggenerated
      This element is automatically generated by MyBatis Generator, do not modify.
      This element was generated on Thu Jan 11 10:21:54 CST 2018.
    -->
    <id column="category_id" property="categoryId" jdbcType="BIGINT" />
    <result column="category_name" property="categoryName" jdbcType="VARCHAR" />
    <result column="guestroom_price" property="guestroomPrice" jdbcType="DOUBLE" />
    <result column="guestroom_number" property="guestroomNumber" jdbcType="BIGINT" />
  </resultMap>
  <sql id="Example_Where_Clause" >
    <!--
      WARNING - @mbggenerated
      This element is automatically generated by MyBatis Generator, do not modify.
      This element was generated on Thu Jan 11 10:21:54 CST 2018.
    -->
    <where >
      <foreach collection="oredCriteria" item="criteria" separator="or" >
        <if test="criteria.valid" >
          <trim prefix="(" suffix=")" prefixOverrides="and" >
            <foreach collection="criteria.criteria" item="criterion" >
              <choose >
                <when test="criterion.noValue" >
                  and ${criterion.condition}
                </when>
                <when test="criterion.singleValue" >
                  and ${criterion.condition} #{criterion.value}
                </when>
                <when test="criterion.betweenValue" >
                  and ${criterion.condition} #{criterion.value} and #{criterion.secondValue}
                </when>
                <when test="criterion.listValue" >
                  and ${criterion.condition}
                  <foreach collection="criterion.value" item="listItem" open="(" close=")" separator="," >
                    #{listItem}
                  </foreach>
                </when>
              </choose>
            </foreach>
          </trim>
        </if>
      </foreach>
    </where>
  </sql>
  <sql id="Update_By_Example_Where_Clause" >
    <!--
      WARNING - @mbggenerated
      This element is automatically generated by MyBatis Generator, do not modify.
      This element was generated on Thu Jan 11 10:21:54 CST 2018.
    -->
    <where >
      <foreach collection="example.oredCriteria" item="criteria" separator="or" >
        <if test="criteria.valid" >
          <trim prefix="(" suffix=")" prefixOverrides="and" >
            <foreach collection="criteria.criteria" item="criterion" >
              <choose >
                <when test="criterion.noValue" >
                  and ${criterion.condition}
                </when>
                <when test="criterion.singleValue" >
                  and ${criterion.condition} #{criterion.value}
                </when>
                <when test="criterion.betweenValue" >
                  and ${criterion.condition} #{criterion.value} and #{criterion.secondValue}
                </when>
                <when test="criterion.listValue" >
                  and ${criterion.condition}
                  <foreach collection="criterion.value" item="listItem" open="(" close=")" separator="," >
                    #{listItem}
                  </foreach>
                </when>
              </choose>
            </foreach>
          </trim>
        </if>
      </foreach>
    </where>
  </sql>
  <sql id="Base_Column_List" >
    <!--
      WARNING - @mbggenerated
      This element is automatically generated by MyBatis Generator, do not modify.
      This element was generated on Thu Jan 11 10:21:54 CST 2018.
    -->
    category_id, category_name, guestroom_price, guestroom_number
  </sql>
  <select id="selectByExample" resultMap="BaseResultMap" parameterType="com.fjk.hotel.order.po.CateGoryExample" >
    <!--
      WARNING - @mbggenerated
      This element is automatically generated by MyBatis Generator, do not modify.
      This element was generated on Thu Jan 11 10:21:54 CST 2018.
    -->
    select
    <if test="distinct" >
      distinct
    </if>
    'true' as QUERYID,
    <include refid="Base_Column_List" />
    from t_category
    <if test="_parameter != null" >
      <include refid="Example_Where_Clause" />
    </if>
    <if test="orderByClause != null" >
      order by ${orderByClause}
    </if>
  </select>
  <select id="selectByPrimaryKey" resultMap="BaseResultMap" parameterType="java.lang.Long" >
    <!--
      WARNING - @mbggenerated
      This element is automatically generated by MyBatis Generator, do not modify.
      This element was generated on Thu Jan 11 10:21:54 CST 2018.
    -->
    select 
    <include refid="Base_Column_List" />
    from t_category
    where category_id = #{categoryId,jdbcType=BIGINT}
  </select>
  <delete id="deleteByPrimaryKey" parameterType="java.lang.Long" >
    <!--
      WARNING - @mbggenerated
      This element is automatically generated by MyBatis Generator, do not modify.
      This element was generated on Thu Jan 11 10:21:54 CST 2018.
    -->
    delete from t_category
    where category_id = #{categoryId,jdbcType=BIGINT}
  </delete>
  <delete id="deleteByExample" parameterType="com.fjk.hotel.order.po.CateGoryExample" >
    <!--
      WARNING - @mbggenerated
      This element is automatically generated by MyBatis Generator, do not modify.
      This element was generated on Thu Jan 11 10:21:54 CST 2018.
    -->
    delete from t_category
    <if test="_parameter != null" >
      <include refid="Example_Where_Clause" />
    </if>
  </delete>
  <insert id="insert" parameterType="com.fjk.hotel.order.po.CateGory" >
    <!--
      WARNING - @mbggenerated
      This element is automatically generated by MyBatis Generator, do not modify.
      This element was generated on Thu Jan 11 10:21:54 CST 2018.
    -->
    insert into t_category (category_id, category_name, guestroom_price, 
      guestroom_number)
    values (#{categoryId,jdbcType=BIGINT}, #{categoryName,jdbcType=VARCHAR}, #{guestroomPrice,jdbcType=DOUBLE}, 
      #{guestroomNumber,jdbcType=BIGINT})
  </insert>
  <insert id="insertSelective" parameterType="com.fjk.hotel.order.po.CateGory" >
    <!--
      WARNING - @mbggenerated
      This element is automatically generated by MyBatis Generator, do not modify.
      This element was generated on Thu Jan 11 10:21:54 CST 2018.
    -->
    insert into t_category
    <trim prefix="(" suffix=")" suffixOverrides="," >
      <if test="categoryId != null" >
        category_id,
      </if>
      <if test="categoryName != null" >
        category_name,
      </if>
      <if test="guestroomPrice != null" >
        guestroom_price,
      </if>
      <if test="guestroomNumber != null" >
        guestroom_number,
      </if>
    </trim>
    <trim prefix="values (" suffix=")" suffixOverrides="," >
      <if test="categoryId != null" >
        #{categoryId,jdbcType=BIGINT},
      </if>
      <if test="categoryName != null" >
        #{categoryName,jdbcType=VARCHAR},
      </if>
      <if test="guestroomPrice != null" >
        #{guestroomPrice,jdbcType=DOUBLE},
      </if>
      <if test="guestroomNumber != null" >
        #{guestroomNumber,jdbcType=BIGINT},
      </if>
    </trim>
  </insert>
  <select id="countByExample" parameterType="com.fjk.hotel.order.po.CateGoryExample" resultType="java.lang.Integer" >
    <!--
      WARNING - @mbggenerated
      This element is automatically generated by MyBatis Generator, do not modify.
      This element was generated on Thu Jan 11 10:21:54 CST 2018.
    -->
    select count(*) from t_category
    <if test="_parameter != null" >
      <include refid="Example_Where_Clause" />
    </if>
  </select>
  <update id="updateByExampleSelective" parameterType="map" >
    <!--
      WARNING - @mbggenerated
      This element is automatically generated by MyBatis Generator, do not modify.
      This element was generated on Thu Jan 11 10:21:54 CST 2018.
    -->
    update t_category
    <set >
      <if test="record.categoryId != null" >
        category_id = #{record.categoryId,jdbcType=BIGINT},
      </if>
      <if test="record.categoryName != null" >
        category_name = #{record.categoryName,jdbcType=VARCHAR},
      </if>
      <if test="record.guestroomPrice != null" >
        guestroom_price = #{record.guestroomPrice,jdbcType=DOUBLE},
      </if>
      <if test="record.guestroomNumber != null" >
        guestroom_number = #{record.guestroomNumber,jdbcType=BIGINT},
      </if>
    </set>
    <if test="_parameter != null" >
      <include refid="Update_By_Example_Where_Clause" />
    </if>
  </update>
  <update id="updateByExample" parameterType="map" >
    <!--
      WARNING - @mbggenerated
      This element is automatically generated by MyBatis Generator, do not modify.
      This element was generated on Thu Jan 11 10:21:54 CST 2018.
    -->
    update t_category
    set category_id = #{record.categoryId,jdbcType=BIGINT},
      category_name = #{record.categoryName,jdbcType=VARCHAR},
      guestroom_price = #{record.guestroomPrice,jdbcType=DOUBLE},
      guestroom_number = #{record.guestroomNumber,jdbcType=BIGINT},
    <if test="_parameter != null" >
      <include refid="Update_By_Example_Where_Clause" />
    </if>
  </update>
  <update id="updateByPrimaryKeySelective" parameterType="com.fjk.hotel.order.po.CateGory" >
    <!--
      WARNING - @mbggenerated
      This element is automatically generated by MyBatis Generator, do not modify.
      This element was generated on Thu Jan 11 10:21:54 CST 2018.
    -->
    update t_category
    <set >
      <if test="categoryName != null" >
        category_name = #{categoryName,jdbcType=VARCHAR},
      </if>
      <if test="guestroomPrice != null" >
        guestroom_price = #{guestroomPrice,jdbcType=DOUBLE},
      </if>
      <if test="guestroomNumber != null" >
        guestroom_number = #{guestroomNumber,jdbcType=BIGINT},
      </if>
    </set>
    where category_id = #{categoryId,jdbcType=BIGINT}
  </update>
  <update id="updateByPrimaryKey" parameterType="com.fjk.hotel.order.po.CateGory" >
    <!--
      WARNING - @mbggenerated
      This element is automatically generated by MyBatis Generator, do not modify.
      This element was generated on Thu Jan 11 10:21:54 CST 2018.
    -->
    update t_category
    set category_name = #{categoryName,jdbcType=VARCHAR},
      guestroom_price = #{guestroomPrice,jdbcType=DOUBLE},
      guestroom_number = #{guestroomNumber,jdbcType=BIGINT},
    where category_id = #{categoryId,jdbcType=BIGINT}
  </update>


  <sql id="Example_Guestroom_Result" >
    <!--
      WARNING - @mbggenerated
      This element is automatically generated by MyBatis Generator, do not modify.
      This element was generated on Thu Jan 11 10:21:54 CST 2018.
    -->
    <where >
      1=1
      <if test="categoryId!=null">
      AND c.category_id = #{categoryId}
      </if>
      <foreach collection="oredCriteria" item="criteria" separator="or" >
        <if test="criteria.valid" >
          <trim prefix="and(" suffix=")" prefixOverrides="and" >
            <foreach collection="criteria.criteria" item="criterion" >
              <choose >
                <when test="criterion.noValue" >
                  and ${criterion.condition}
                </when>
                <when test="criterion.singleValue" >
                  and ${criterion.condition} #{criterion.value}
                </when>
                <when test="criterion.betweenValue" >
                  and ${criterion.condition} #{criterion.value} and #{criterion.secondValue}
                </when>
                <when test="criterion.listValue" >
                  and ${criterion.condition}
                  <foreach collection="criterion.value" item="listItem" open="(" close=")" separator="," >
                    #{listItem}
                  </foreach>
                </when>
              </choose>
            </foreach>
          </trim>
        </if>
      </foreach>
    </where>
  </sql>



  <resultMap id="guestRoomResult" type="com.fjk.hotel.order.po.CateGory" extends="BaseResultMap">
    <collection property="guestRoomList" ofType="com.fjk.hotel.order.po.GuestRoom">
      <id column="guestroom_id" property="guestroomId" jdbcType="BIGINT" />
      <result column="category_id" property="categoryId" jdbcType="BIGINT" />
      <result column="guestroom_size" property="guestroomSize" jdbcType="VARCHAR" />
      <result column="descb" property="descb" jdbcType="VARCHAR" />
      <result column="guestroom_status" property="guestroomStatus" jdbcType="VARCHAR" />
      <result column="guestroom_picture" property="guestroomPicture" jdbcType="LONGVARCHAR" />
    </collection>
  </resultMap>
  <select id="selectAllGuestRoom" resultMap="guestRoomResult" parameterType="com.fjk.hotel.order.po.CateGoryExample">
    select g.guestroom_id,g.category_id,c.category_name,c.guestroom_price,g.guestroom_size,g.guestroom_picture,g.descb,g.guestroom_status
    from t_guestroom g
    LEFT JOIN t_category c
    on g.category_id=c.category_id
    <if test="_parameter != null" >
    <include refid="Example_Guestroom_Result"/>
    </if>
  </select>

  <select id="selectRoomById" resultMap="guestRoomResult" parameterType="com.fjk.hotel.order.po.CateGoryExample">
    select g.guestroom_id,g.category_id,c.category_name,c.guestroom_price,g.guestroom_size,g.guestroom_picture,g.descb,g.guestroom_status
    from t_guestroom g
    LEFT JOIN t_category c
    on g.category_id=c.category_id
    WHERE g.guestroom_id=#{id}
  </select>

  <select id="selectAllBookingRoom" resultMap="guestRoomResult" parameterType="com.fjk.hotel.order.po.CateGory">
     SELECT g.*,c.category_name
      from t_category c
      LEFT JOIN
      t_guestroom g
      ON
      c.category_id=g.category_id
      WHERE
      g.guestroom_status='可预订'
  </select>

  <select id="selectCateNameById" resultType="String" >
    SELECT c.category_name
    from t_category c
    LEFT JOIN
    t_guestroom g
    ON
    c.category_id=g.category_id
    WHERE
    g.guestroom_id=#{guestroomId}
  </select>
</mapper>