<?xml version="1.0" encoding="UTF-8" ?>
<!DOCTYPE mapper PUBLIC "-//mybatis.org//DTD Mapper 3.0//EN" "http://mybatis.org/dtd/mybatis-3-mapper.dtd" >
<mapper namespace="com.fjk.hotel.order.mapper.GuestRoomMapper" >
  <resultMap id="BaseResultMap" type="com.fjk.hotel.order.po.GuestRoom" >
    <!--
      WARNING - @mbggenerated
      This element is automatically generated by MyBatis Generator, do not modify.
      This element was generated on Thu Jan 11 10:21:54 CST 2018.
    -->
    <id column="guestroom_id" property="guestroomId" jdbcType="BIGINT" />
    <result column="category_id" property="categoryId" jdbcType="BIGINT" />
    <result column="guestroom_size" property="guestroomSize" jdbcType="VARCHAR" />
    <result column="descb" property="descb" jdbcType="VARCHAR" />
    <result column="guestroom_status" property="guestroomStatus" jdbcType="VARCHAR" />
  </resultMap>
  <resultMap id="ResultMapWithBLOBs" type="com.fjk.hotel.order.po.GuestRoom" extends="BaseResultMap" >
    <!--
      WARNING - @mbggenerated
      This element is automatically generated by MyBatis Generator, do not modify.
      This element was generated on Thu Jan 11 10:21:54 CST 2018.
    -->
    <result column="guestroom_picture" property="guestroomPicture" jdbcType="LONGVARCHAR" />
  </resultMap>
  <sql id="Example_Where_Clause" >
    <!--
      WARNING - @mbggenerated
      This element is automatically generated by MyBatis Generator, do not modify.
      This element was generated on Thu Jan 11 10:21:54 CST 2018.
    -->
    <where >
      <foreach collection="oredCriteria" item="criteria" separator="or" >
        <if test="criteria.valid" >
          <trim prefix="(" suffix=")" prefixOverrides="and" >
            <foreach collection="criteria.criteria" item="criterion" >
              <choose >
                <when test="criterion.noValue" >
                  and ${criterion.condition}
                </when>
                <when test="criterion.singleValue" >
                  and ${criterion.condition} #{criterion.value}
                </when>
                <when test="criterion.betweenValue" >
                  and ${criterion.condition} #{criterion.value} and #{criterion.secondValue}
                </when>
                <when test="criterion.listValue" >
                  and ${criterion.condition}
                  <foreach collection="criterion.value" item="listItem" open="(" close=")" separator="," >
                    #{listItem}
                  </foreach>
                </when>
              </choose>
            </foreach>
          </trim>
        </if>
      </foreach>
    </where>
  </sql>
  <sql id="Update_By_Example_Where_Clause" >
    <!--
      WARNING - @mbggenerated
      This element is automatically generated by MyBatis Generator, do not modify.
      This element was generated on Thu Jan 11 10:21:54 CST 2018.
    -->
    <where >
      <foreach collection="example.oredCriteria" item="criteria" separator="or" >
        <if test="criteria.valid" >
          <trim prefix="(" suffix=")" prefixOverrides="and" >
            <foreach collection="criteria.criteria" item="criterion" >
              <choose >
                <when test="criterion.noValue" >
                  and ${criterion.condition}
                </when>
                <when test="criterion.singleValue" >
                  and ${criterion.condition} #{criterion.value}
                </when>
                <when test="criterion.betweenValue" >
                  and ${criterion.condition} #{criterion.value} and #{criterion.secondValue}
                </when>
                <when test="criterion.listValue" >
                  and ${criterion.condition}
                  <foreach collection="criterion.value" item="listItem" open="(" close=")" separator="," >
                    #{listItem}
                  </foreach>
                </when>
              </choose>
            </foreach>
          </trim>
        </if>
      </foreach>
    </where>
  </sql>
  <sql id="Base_Column_List" >
    <!--
      WARNING - @mbggenerated
      This element is automatically generated by MyBatis Generator, do not modify.
      This element was generated on Thu Jan 11 10:21:54 CST 2018.
    -->
    guestroom_id, category_id, guestroom_size, descb, guestroom_status
  </sql>
  <sql id="Blob_Column_List" >
    <!--
      WARNING - @mbggenerated
      This element is automatically generated by MyBatis Generator, do not modify.
      This element was generated on Thu Jan 11 10:21:54 CST 2018.
    -->
    guestroom_picture
  </sql>
  <select id="selectByExampleWithBLOBs" resultMap="ResultMapWithBLOBs" parameterType="com.fjk.hotel.order.po.GuestRoomExample" >
    <!--
      WARNING - @mbggenerated
      This element is automatically generated by MyBatis Generator, do not modify.
      This element was generated on Thu Jan 11 10:21:54 CST 2018.
    -->
    select
    <if test="distinct" >
      distinct
    </if>
    'true' as QUERYID,
    <include refid="Base_Column_List" />
    ,
    <include refid="Blob_Column_List" />
    from t_guestroom
    <if test="_parameter != null" >
      <include refid="Example_Where_Clause" />
    </if>
    <if test="orderByClause != null" >
      order by ${orderByClause}
    </if>
  </select>
  <select id="selectByExample" resultMap="BaseResultMap" parameterType="com.fjk.hotel.order.po.GuestRoomExample" >
    <!--
      WARNING - @mbggenerated
      This element is automatically generated by MyBatis Generator, do not modify.
      This element was generated on Thu Jan 11 10:21:54 CST 2018.
    -->
    select
    <if test="distinct" >
      distinct
    </if>
    'true' as QUERYID,
    <include refid="Base_Column_List" />
    from t_guestroom
    <if test="_parameter != null" >
      <include refid="Example_Where_Clause" />
    </if>
    <if test="orderByClause != null" >
      order by ${orderByClause}
    </if>
  </select>
  <select id="selectByPrimaryKey" resultMap="ResultMapWithBLOBs" parameterType="java.lang.Long" >
    <!--
      WARNING - @mbggenerated
      This element is automatically generated by MyBatis Generator, do not modify.
      This element was generated on Thu Jan 11 10:21:54 CST 2018.
    -->
    select 
    <include refid="Base_Column_List" />
    ,
    <include refid="Blob_Column_List" />
    from t_guestroom
    where guestroom_id = #{guestroomId,jdbcType=BIGINT}
  </select>
  <delete id="deleteByPrimaryKey" parameterType="java.lang.Long" >
    <!--
      WARNING - @mbggenerated
      This element is automatically generated by MyBatis Generator, do not modify.
      This element was generated on Thu Jan 11 10:21:54 CST 2018.
    -->
    delete from t_guestroom
    where guestroom_id = #{guestroomId,jdbcType=BIGINT}
  </delete>
  <delete id="deleteByExample" parameterType="com.fjk.hotel.order.po.GuestRoomExample" >
    <!--
      WARNING - @mbggenerated
      This element is automatically generated by MyBatis Generator, do not modify.
      This element was generated on Thu Jan 11 10:21:54 CST 2018.
    -->
    delete from t_guestroom
    <if test="_parameter != null" >
      <include refid="Example_Where_Clause" />
    </if>
  </delete>
  <insert id="insert" parameterType="com.fjk.hotel.order.po.GuestRoom" >
    <!--
      WARNING - @mbggenerated
      This element is automatically generated by MyBatis Generator, do not modify.
      This element was generated on Thu Jan 11 10:21:54 CST 2018.
    -->
    insert into t_guestroom (guestroom_id, category_id, guestroom_size, 
      descb, guestroom_status, guestroom_picture)
    values (#{guestroomId,jdbcType=BIGINT}, #{categoryId,jdbcType=BIGINT}, #{guestroomSize,jdbcType=VARCHAR}, 
      #{descb,jdbcType=VARCHAR}, #{guestroomStatus,jdbcType=VARCHAR}, #{guestroomPicture,jdbcType=LONGVARCHAR})
  </insert>
  <insert id="insertSelective" parameterType="com.fjk.hotel.order.po.GuestRoom" >
    <!--
      WARNING - @mbggenerated
      This element is automatically generated by MyBatis Generator, do not modify.
      This element was generated on Thu Jan 11 10:21:54 CST 2018.
    -->
    insert into t_guestroom
    <trim prefix="(" suffix=")" suffixOverrides="," >
      <if test="guestroomId != null" >
        guestroom_id,
      </if>
      <if test="categoryId != null" >
        category_id,
      </if>
      <if test="guestroomSize != null" >
        guestroom_size,
      </if>
      <if test="descb != null" >
        descb,
      </if>
      <if test="guestroomStatus != null" >
        guestroom_status,,
      </if>
      <if test="guestroomPicture != null" >
        guestroom_picture,
      </if>
    </trim>
    <trim prefix="values (" suffix=")" suffixOverrides="," >
      <if test="guestroomId != null" >
        #{guestroomId,jdbcType=BIGINT},
      </if>
      <if test="categoryId != null" >
        #{categoryId,jdbcType=BIGINT},
      </if>
      <if test="guestroomSize != null" >
        #{guestroomSize,jdbcType=VARCHAR},
      </if>
      <if test="descb != null" >
        #{descb,jdbcType=VARCHAR},
      </if>
      <if test="guestroomStatus != null" >
        #{g,jdbcType=VARCHAR},
      </if>
      <if test="guestroomPicture != null" >
        #{guestroomPicture,jdbcType=LONGVARCHAR},
      </if>
    </trim>
  </insert>
  <select id="countByExample" parameterType="com.fjk.hotel.order.po.GuestRoomExample" resultType="java.lang.Integer" >
    <!--
      WARNING - @mbggenerated
      This element is automatically generated by MyBatis Generator, do not modify.
      This element was generated on Thu Jan 11 10:21:54 CST 2018.
    -->
    select count(*) from t_guestroom
    <if test="_parameter != null" >
      <include refid="Example_Where_Clause" />
    </if>
  </select>
  <update id="updateByExampleSelective" parameterType="map" >
    <!--
      WARNING - @mbggenerated
      This element is automatically generated by MyBatis Generator, do not modify.
      This element was generated on Thu Jan 11 10:21:54 CST 2018.
    -->
    update t_guestroom
    <set >
      <if test="record.guestroomId != null" >
        guestroom_id = #{record.guestroomId,jdbcType=BIGINT},
      </if>
      <if test="record.categoryId != null" >
        category_id = #{record.categoryId,jdbcType=BIGINT},
      </if>
      <if test="record.guestroomSize != null" >
        guestroom_size = #{record.guestroomSize,jdbcType=VARCHAR},
      </if>
      <if test="record.descb != null" >
        guestroom_size = #{record.descb,jdbcType=VARCHAR},
      </if>
      <if test="record.guestroomStatus != null" >
        guestroom_size = #{guestroom_status.guestroomSize,jdbcType=VARCHAR},
      </if>
      <if test="record.guestroomPicture != null" >
        guestroom_picture = #{record.guestroomPicture,jdbcType=LONGVARCHAR},
      </if>
    </set>
    <if test="_parameter != null" >
      <include refid="Update_By_Example_Where_Clause" />
    </if>
  </update>
  <update id="updateByExampleWithBLOBs" parameterType="map" >
    <!--
      WARNING - @mbggenerated
      This element is automatically generated by MyBatis Generator, do not modify.
      This element was generated on Thu Jan 11 10:21:54 CST 2018.
    -->
    update t_guestroom
    set guestroom_id = #{record.guestroomId,jdbcType=BIGINT},
      category_id = #{record.categoryId,jdbcType=BIGINT},
      guestroom_size = #{record.guestroomSize,jdbcType=VARCHAR},
      descb = #{record.descb,jdbcType=VARCHAR},
      guestroom_status = #{record.guestroomStatus,jdbcType=VARCHAR},
      guestroom_picture = #{record.guestroomPicture,jdbcType=LONGVARCHAR}
    <if test="_parameter != null" >
      <include refid="Update_By_Example_Where_Clause" />
    </if>
  </update>
  <update id="updateByExample" parameterType="map" >
    <!--
      WARNING - @mbggenerated
      This element is automatically generated by MyBatis Generator, do not modify.
      This element was generated on Thu Jan 11 10:21:54 CST 2018.
    -->
    update t_guestroom
    set guestroom_id = #{record.guestroomId,jdbcType=BIGINT},
      category_id = #{record.categoryId,jdbcType=BIGINT},
      guestroom_size = #{record.guestroomSize,jdbcType=VARCHAR},
      descb = #{record.descb,jdbcType=VARCHAR},
      guestroom_status = #{record.guestroomStatus,jdbcType=VARCHAR}
    <if test="_parameter != null" >
      <include refid="Update_By_Example_Where_Clause" />
    </if>
  </update>
  <update id="updateByPrimaryKeySelective" parameterType="com.fjk.hotel.order.po.GuestRoom" >
    <!--
      WARNING - @mbggenerated
      This element is automatically generated by MyBatis Generator, do not modify.
      This element was generated on Thu Jan 11 10:21:54 CST 2018.
    -->
    update t_guestroom
    <set >
      <if test="categoryId != null" >
        category_id = #{categoryId,jdbcType=BIGINT},
      </if>
      <if test="guestroomSize != null" >
        guestroom_size = #{guestroomSize,jdbcType=VARCHAR},
      </if>
      <if test="descb != null" >
        descb = #{descb,jdbcType=VARCHAR},
      </if>
      <if test="guestroomStatus != null" >
        descb = #{guestroom_status,jdbcType=VARCHAR},
      </if>
      <if test="guestroomPicture != null" >
        guestroom_picture = #{guestroomPicture,jdbcType=LONGVARCHAR},
      </if>
    </set>
    where guestroom_id = #{guestroomId,jdbcType=BIGINT}
  </update>
  <update id="updateByPrimaryKeyWithBLOBs" parameterType="com.fjk.hotel.order.po.GuestRoom" >
    <!--
      WARNING - @mbggenerated
      This element is automatically generated by MyBatis Generator, do not modify.
      This element was generated on Thu Jan 11 10:21:54 CST 2018.
    -->
    update t_guestroom
    set category_id = #{categoryId,jdbcType=BIGINT},
      guestroom_size = #{guestroomSize,jdbcType=VARCHAR},
      descb = #{descb,jdbcType=VARCHAR},
       guestroom_status = #{guestroomStatus,jdbcType=VARCHAR},
      guestroom_picture = #{guestroomPicture,jdbcType=LONGVARCHAR}
    where guestroom_id = #{guestroomId,jdbcType=BIGINT}
  </update>
  <update id="updateByPrimaryKey" parameterType="com.fjk.hotel.order.po.GuestRoom" >
    <!--
      WARNING - @mbggenerated
      This element is automatically generated by MyBatis Generator, do not modify.
      This element was generated on Thu Jan 11 10:21:54 CST 2018.
    -->
    update t_guestroom
    set category_id = #{categoryId,jdbcType=BIGINT},
      guestroom_size = #{guestroomSize,jdbcType=VARCHAR},
      descb = #{descb,jdbcType=VARCHAR},
      guestroom_status = #{guestroomStatus,jdbcType=VARCHAR}
    where guestroom_id = #{guestroomId,jdbcType=BIGINT}
  </update>

  <select id="selectRoomStatus" resultType="String">
    select  DISTINCT guestroom_status from t_guestroom
  </select>

  <update id="updateRoomStatus" parameterType="Long">
    update t_guestroom SET guestroom_status='不可预订' where guestroom_id=#{guestroomId}
  </update>

  <update id="updateRoomStatusTwo" parameterType="Long">
    update t_guestroom SET guestroom_status='可预订' where guestroom_id=#{guestroomId}
  </update>

  <resultMap id="allBookingRoomMap" type="com.fjk.hotel.order.po.GuestRoom" extends="ResultMapWithBLOBs">
      <association property="CateGory" javaType="com.fjk.hotel.order.po.CateGory">
        <id property="categoryId" column="category_id" jdbcType="BIGINT"/>
        <result property="categoryName" column="category_name" jdbcType="VARCHAR"/>
        <result property="guestroomPrice" column="guestroom_price" jdbcType="DOUBLE"/>
        <result property="guestroomNumber" column="guestroom_number" jdbcType="BIGINT"/>
      </association>
  </resultMap>

 <!-- <select id="selectBookingRoomById" resultMap="allBookingRoomMap" parameterType="Long">
      select g.guestroom_id,g.category_id,c.category_name,c.guestroom_price,g.guestroom_size,g.guestroom_picture,g.descb,g.guestroom_status
    from t_guestroom g
    LEFT JOIN t_category c
    on g.category_id=c.category_id
    WHERE g.guestroom_id=#{guestroomId}
  </select>-->
</mapper>