<?xml version="1.0" encoding="UTF-8" ?>
<!DOCTYPE mapper PUBLIC "-//mybatis.org//DTD Mapper 3.0//EN" "http://mybatis.org/dtd/mybatis-3-mapper.dtd" >
<mapper namespace="com.fjk.hotel.order.mapper.OrderDetailMapper" >
  <resultMap id="BaseResultMap" type="com.fjk.hotel.order.po.OrderDetail" >
    <!--
      WARNING - @mbggenerated
      This element is automatically generated by MyBatis Generator, do not modify.
      This element was generated on Thu Jan 11 10:06:45 CST 2018.
    -->
    <id column="detail_id" property="detailId" jdbcType="BIGINT" />
    <result column="order_id" property="orderId" jdbcType="BIGINT" />
    <result column="guestroom_id" property="guestroomId" jdbcType="BIGINT" />
    <result column="create_time" property="createTime" jdbcType="TIMESTAMP" />
    <result column="enter_time" property="enterTime" jdbcType="TIMESTAMP" />
    <result column="out_time" property="outTime" jdbcType="TIMESTAMP" />
    <result column="user_number" property="userNumber" jdbcType="BIGINT" />
    <result column="guestroom_number" property="guestroomNumber" jdbcType="BIGINT" />
    <result column="update_time" property="updateTime" jdbcType="TIMESTAMP" />
  </resultMap>
  <sql id="Example_Where_Clause" >
    <!--
      WARNING - @mbggenerated
      This element is automatically generated by MyBatis Generator, do not modify.
      This element was generated on Thu Jan 11 10:06:45 CST 2018.
    -->
    <where >
      <foreach collection="oredCriteria" item="criteria" separator="or" >
        <if test="criteria.valid" >
          <trim prefix="(" suffix=")" prefixOverrides="and" >
            <foreach collection="criteria.criteria" item="criterion" >
              <choose >
                <when test="criterion.noValue" >
                  and ${criterion.condition}
                </when>
                <when test="criterion.singleValue" >
                  and ${criterion.condition} #{criterion.value}
                </when>
                <when test="criterion.betweenValue" >
                  and ${criterion.condition} #{criterion.value} and #{criterion.secondValue}
                </when>
                <when test="criterion.listValue" >
                  and ${criterion.condition}
                  <foreach collection="criterion.value" item="listItem" open="(" close=")" separator="," >
                    #{listItem}
                  </foreach>
                </when>
              </choose>
            </foreach>
          </trim>
        </if>
      </foreach>
    </where>
  </sql>
  <sql id="Update_By_Example_Where_Clause" >
    <!--
      WARNING - @mbggenerated
      This element is automatically generated by MyBatis Generator, do not modify.
      This element was generated on Thu Jan 11 10:06:45 CST 2018.
    -->
    <where >
      <foreach collection="example.oredCriteria" item="criteria" separator="or" >
        <if test="criteria.valid" >
          <trim prefix="(" suffix=")" prefixOverrides="and" >
            <foreach collection="criteria.criteria" item="criterion" >
              <choose >
                <when test="criterion.noValue" >
                  and ${criterion.condition}
                </when>
                <when test="criterion.singleValue" >
                  and ${criterion.condition} #{criterion.value}
                </when>
                <when test="criterion.betweenValue" >
                  and ${criterion.condition} #{criterion.value} and #{criterion.secondValue}
                </when>
                <when test="criterion.listValue" >
                  and ${criterion.condition}
                  <foreach collection="criterion.value" item="listItem" open="(" close=")" separator="," >
                    #{listItem}
                  </foreach>
                </when>
              </choose>
            </foreach>
          </trim>
        </if>
      </foreach>
    </where>
  </sql>
  <sql id="Base_Column_List" >
    <!--
      WARNING - @mbggenerated
      This element is automatically generated by MyBatis Generator, do not modify.
      This element was generated on Thu Jan 11 10:06:45 CST 2018.
    -->
    detail_id, order_id, guestroom_id, create_time, enter_time, out_time, user_number, 
    guestroom_number, update_time
  </sql>
  <select id="selectByExample" resultMap="BaseResultMap" parameterType="com.fjk.hotel.order.po.OrderDetailExample" >
    <!--
      WARNING - @mbggenerated
      This element is automatically generated by MyBatis Generator, do not modify.
      This element was generated on Thu Jan 11 10:06:45 CST 2018.
    -->
    select
    <if test="distinct" >
      distinct
    </if>
    'true' as QUERYID,
    <include refid="Base_Column_List" />
    from t_order_detail
    <if test="_parameter != null" >
      <include refid="Example_Where_Clause" />
    </if>
    <if test="orderByClause != null" >
      order by ${orderByClause}
    </if>
  </select>
  <select id="selectByPrimaryKey" resultMap="BaseResultMap" parameterType="java.lang.Long" >
    <!--
      WARNING - @mbggenerated
      This element is automatically generated by MyBatis Generator, do not modify.
      This element was generated on Thu Jan 11 10:06:45 CST 2018.
    -->
    select 
    <include refid="Base_Column_List" />
    from t_order_detail
    where detail_id = #{detailId,jdbcType=BIGINT}
  </select>
  <delete id="deleteByPrimaryKey" parameterType="java.lang.Long" >
    <!--
      WARNING - @mbggenerated
      This element is automatically generated by MyBatis Generator, do not modify.
      This element was generated on Thu Jan 11 10:06:45 CST 2018.
    -->
    delete from t_order_detail
    where detail_id = #{detailId,jdbcType=BIGINT}
  </delete>
  <delete id="deleteByExample" parameterType="com.fjk.hotel.order.po.OrderDetailExample" >
    <!--
      WARNING - @mbggenerated
      This element is automatically generated by MyBatis Generator, do not modify.
      This element was generated on Thu Jan 11 10:06:45 CST 2018.
    -->
    delete from t_order_detail
    <if test="_parameter != null" >
      <include refid="Example_Where_Clause" />
    </if>
  </delete>
  <insert id="insert" parameterType="com.fjk.hotel.order.po.OrderDetail" >
    <!--
      WARNING - @mbggenerated
      This element is automatically generated by MyBatis Generator, do not modify.
      This element was generated on Thu Jan 11 10:06:45 CST 2018.
    -->
    insert into t_order_detail (detail_id, order_id, guestroom_id, 
      create_time, enter_time, out_time, 
      user_number, guestroom_number, update_time
      )
    values (#{detailId,jdbcType=BIGINT}, #{orderId,jdbcType=BIGINT}, #{guestroomId,jdbcType=BIGINT}, 
      #{createTime,jdbcType=TIMESTAMP}, #{enterTime,jdbcType=TIMESTAMP}, #{outTime,jdbcType=TIMESTAMP}, 
      #{userNumber,jdbcType=BIGINT}, #{guestroomNumber,jdbcType=BIGINT}, #{updateTime,jdbcType=TIMESTAMP}
      )
  </insert>
  <insert id="insertSelective" parameterType="com.fjk.hotel.order.po.OrderDetail" >
    <!--
      WARNING - @mbggenerated
      This element is automatically generated by MyBatis Generator, do not modify.
      This element was generated on Thu Jan 11 10:06:45 CST 2018.
    -->
    insert into t_order_detail
    <trim prefix="(" suffix=")" suffixOverrides="," >
      <if test="detailId != null" >
        detail_id,
      </if>
      <if test="orderId != null" >
        order_id,
      </if>
      <if test="guestroomId != null" >
        guestroom_id,
      </if>
      <if test="createTime != null" >
        create_time,
      </if>
      <if test="enterTime != null" >
        enter_time,
      </if>
      <if test="outTime != null" >
        out_time,
      </if>
      <if test="userNumber != null" >
        user_number,
      </if>
      <if test="guestroomNumber != null" >
        guestroom_number,
      </if>
      <if test="updateTime != null" >
        update_time,
      </if>
    </trim>
    <trim prefix="values (" suffix=")" suffixOverrides="," >
      <if test="detailId != null" >
        #{detailId,jdbcType=BIGINT},
      </if>
      <if test="orderId != null" >
        #{orderId,jdbcType=BIGINT},
      </if>
      <if test="guestroomId != null" >
        #{guestroomId,jdbcType=BIGINT},
      </if>
      <if test="createTime != null" >
        #{createTime,jdbcType=TIMESTAMP},
      </if>
      <if test="enterTime != null" >
        #{enterTime,jdbcType=TIMESTAMP},
      </if>
      <if test="outTime != null" >
        #{outTime,jdbcType=TIMESTAMP},
      </if>
      <if test="userNumber != null" >
        #{userNumber,jdbcType=BIGINT},
      </if>
      <if test="guestroomNumber != null" >
        #{guestroomNumber,jdbcType=BIGINT},
      </if>
      <if test="updateTime != null" >
        #{updateTime,jdbcType=TIMESTAMP},
      </if>
    </trim>
  </insert>
  <select id="countByExample" parameterType="com.fjk.hotel.order.po.OrderDetailExample" resultType="java.lang.Integer" >
    <!--
      WARNING - @mbggenerated
      This element is automatically generated by MyBatis Generator, do not modify.
      This element was generated on Thu Jan 11 10:06:45 CST 2018.
    -->
    select count(*) from t_order_detail
    <if test="_parameter != null" >
      <include refid="Example_Where_Clause" />
    </if>
  </select>
  <update id="updateByExampleSelective" parameterType="map" >
    <!--
      WARNING - @mbggenerated
      This element is automatically generated by MyBatis Generator, do not modify.
      This element was generated on Thu Jan 11 10:06:45 CST 2018.
    -->
    update t_order_detail
    <set >
      <if test="record.detailId != null" >
        detail_id = #{record.detailId,jdbcType=BIGINT},
      </if>
      <if test="record.orderId != null" >
        order_id = #{record.orderId,jdbcType=BIGINT},
      </if>
      <if test="record.guestroomId != null" >
        guestroom_id = #{record.guestroomId,jdbcType=BIGINT},
      </if>
      <if test="record.createTime != null" >
        create_time = #{record.createTime,jdbcType=TIMESTAMP},
      </if>
      <if test="record.enterTime != null" >
        enter_time = #{record.enterTime,jdbcType=TIMESTAMP},
      </if>
      <if test="record.outTime != null" >
        out_time = #{record.outTime,jdbcType=TIMESTAMP},
      </if>
      <if test="record.userNumber != null" >
        user_number = #{record.userNumber,jdbcType=BIGINT},
      </if>
      <if test="record.guestroomNumber != null" >
        guestroom_number = #{record.guestroomNumber,jdbcType=BIGINT},
      </if>
      <if test="record.updateTime != null" >
        update_time = #{record.updateTime,jdbcType=TIMESTAMP},
      </if>
    </set>
    <if test="_parameter != null" >
      <include refid="Update_By_Example_Where_Clause" />
    </if>
  </update>
  <update id="updateByExample" parameterType="map" >
    <!--
      WARNING - @mbggenerated
      This element is automatically generated by MyBatis Generator, do not modify.
      This element was generated on Thu Jan 11 10:06:45 CST 2018.
    -->
    update t_order_detail
    set detail_id = #{record.detailId,jdbcType=BIGINT},
      order_id = #{record.orderId,jdbcType=BIGINT},
      guestroom_id = #{record.guestroomId,jdbcType=BIGINT},
      create_time = #{record.createTime,jdbcType=TIMESTAMP},
      enter_time = #{record.enterTime,jdbcType=TIMESTAMP},
      out_time = #{record.outTime,jdbcType=TIMESTAMP},
      user_number = #{record.userNumber,jdbcType=BIGINT},
      guestroom_number = #{record.guestroomNumber,jdbcType=BIGINT},
      update_time = #{record.updateTime,jdbcType=TIMESTAMP}
    <if test="_parameter != null" >
      <include refid="Update_By_Example_Where_Clause" />
    </if>
  </update>
  <update id="updateByPrimaryKeySelective" parameterType="com.fjk.hotel.order.po.OrderDetail" >
    <!--
      WARNING - @mbggenerated
      This element is automatically generated by MyBatis Generator, do not modify.
      This element was generated on Thu Jan 11 10:06:45 CST 2018.
    -->
    update t_order_detail
    <set >
      <if test="orderId != null" >
        order_id = #{orderId,jdbcType=BIGINT},
      </if>
      <if test="guestroomId != null" >
        guestroom_id = #{guestroomId,jdbcType=BIGINT},
      </if>
      <if test="createTime != null" >
        create_time = #{createTime,jdbcType=TIMESTAMP},
      </if>
      <if test="enterTime != null" >
        enter_time = #{enterTime,jdbcType=TIMESTAMP},
      </if>
      <if test="outTime != null" >
        out_time = #{outTime,jdbcType=TIMESTAMP},
      </if>
      <if test="userNumber != null" >
        user_number = #{userNumber,jdbcType=BIGINT},
      </if>
      <if test="guestroomNumber != null" >
        guestroom_number = #{guestroomNumber,jdbcType=BIGINT},
      </if>
      <if test="updateTime != null" >
        update_time = #{updateTime,jdbcType=TIMESTAMP},
      </if>
    </set>
    where detail_id = #{detailId,jdbcType=BIGINT}
  </update>
  <update id="updateByPrimaryKey" parameterType="com.fjk.hotel.order.po.OrderDetail" >
    <!--
      WARNING - @mbggenerated
      This element is automatically generated by MyBatis Generator, do not modify.
      This element was generated on Thu Jan 11 10:06:45 CST 2018.
    -->
    update t_order_detail
    set order_id = #{orderId,jdbcType=BIGINT},
      guestroom_id = #{guestroomId,jdbcType=BIGINT},
      create_time = #{createTime,jdbcType=TIMESTAMP},
      enter_time = #{enterTime,jdbcType=TIMESTAMP},
      out_time = #{outTime,jdbcType=TIMESTAMP},
      user_number = #{userNumber,jdbcType=BIGINT},
      guestroom_number = #{guestroomNumber,jdbcType=BIGINT},
      update_time = #{updateTime,jdbcType=TIMESTAMP}
    where detail_id = #{detailId,jdbcType=BIGINT}
  </update>


  <resultMap id="OrderDetailDtoResultMap" type="com.fjk.hotel.order.po.OrderDetailDto">
    <id column="detail_id" property="detailId" jdbcType="BIGINT" />
    <result column="order_id" property="orderId" jdbcType="BIGINT" />
    <result column="user_name" property="userName" jdbcType="VARCHAR" />
    <result column="phone" property="phone" jdbcType="VARCHAR" />
    <result column="category_name" property="categoryName" jdbcType="VARCHAR" />
    <result column="category_id" property="categoryId" jdbcType="BIGINT" />
    <result column="guestroom_id" property="guestroomId" jdbcType="BIGINT" />
    <result column="create_time" property="createTime" jdbcType="TIMESTAMP" />
    <result column="enter_time" property="enterTime" jdbcType="TIMESTAMP" />
    <result column="out_time" property="outTime" jdbcType="TIMESTAMP" />
    <result column="user_number" property="userNumber" jdbcType="BIGINT" />
    <result column="guestroom_number" property="guestroomNumber" jdbcType="BIGINT" />
    <result column="update_time" property="updateTime" jdbcType="TIMESTAMP" />
  </resultMap>
  <select id="selectOrderDetailById" resultMap="OrderDetailDtoResultMap" parameterType="com.fjk.hotel.order.po.OrderDetailDto">
       select od.detail_id,o.order_id,u.user_name,u.phone,c.category_name,od.guestroom_id,od.user_number,od.guestroom_number,od.enter_time,od.out_time,od.create_time,od.update_time
        from t_category c
        LEFT JOIN
        t_guestroom g
        ON
        c.category_id=g.category_id
        LEFT JOIN
        t_order_detail od
        ON od.guestroom_id=g.guestroom_id
        LEFT JOIN
        t_order o
        ON
        o.order_id=od.order_id
        LEFT JOIN
        t_user u
        ON
        u.user_id=o.user_id
        where o.order_id=#{orderId};

  </select>

  <select id="selectDetailByDetailId" resultMap="OrderDetailDtoResultMap" parameterType="com.fjk.hotel.order.po.OrderDetailDto">
  select od.detail_id,o.order_id,u.user_name,u.phone,c.category_name,od.guestroom_id,c.category_id,od.user_number,od.guestroom_number,od.enter_time,od.out_time,od.create_time,od.update_time
        from t_category c
        LEFT JOIN
        t_guestroom g
        ON
        c.category_id=g.category_id
        LEFT JOIN
        t_order_detail od
        ON od.guestroom_id=g.guestroom_id
        LEFT JOIN
        t_order o
        ON
        o.order_id=od.order_id
        LEFT JOIN
        t_user u
        ON
        u.user_id=o.user_id
        where od.detail_id=#{detailId};
  </select>

  <resultMap id="detailResult" type="com.fjk.hotel.order.po.OrderDetail" extends="BaseResultMap">
    <association property="guestRoom" javaType="com.fjk.hotel.order.po.GuestRoom" column="guestroom_id">
      <id column="guestroom_id" property="guestroomId" jdbcType="BIGINT" />
      <result column="category_id" property="categoryId" jdbcType="BIGINT" />
      <result column="guestroom_size" property="guestroomSize" jdbcType="VARCHAR" />
      <result column="descb" property="descb" jdbcType="VARCHAR" />
      <result column="guestroom_status" property="guestroomStatus" jdbcType="VARCHAR" />
    </association>
  </resultMap>
  <select id="selectDetailByOrderId" resultMap="detailResult" parameterType="Long">
    SELECT g.*,o.*
    FROM
    t_order_detail o
    LEFT JOIN
    t_guestroom g
    ON
    o.guestroom_id=g.guestroom_id
    WHERE o.order_id=#{orderId}
  </select>

</mapper>