<?xml version="1.0" encoding="UTF-8" ?>
<!DOCTYPE mapper PUBLIC "-//mybatis.org//DTD Mapper 3.0//EN" "http://mybatis.org/dtd/mybatis-3-mapper.dtd" >
<mapper namespace="com.fjk.hotel.order.mapper.ProcessMapper" >
  <resultMap id="BaseResultMap" type="com.fjk.hotel.order.po.Process" >
    <!--
      WARNING - @mbggenerated
      This element is automatically generated by MyBatis Generator, do not modify.
      This element was generated on Thu Jan 11 10:21:54 CST 2018.
    -->
    <id column="process_id" property="processId" jdbcType="BIGINT" />
    <result column="order_id" property="orderId" jdbcType="BIGINT" />
    <result column="process_create_time" property="processCreateTime" jdbcType="TIMESTAMP" />
    <result column="process_status_id" property="processStatusId" jdbcType="BIGINT" />
  </resultMap>
  <sql id="Example_Where_Clause" >
    <!--
      WARNING - @mbggenerated
      This element is automatically generated by MyBatis Generator, do not modify.
      This element was generated on Thu Jan 11 10:21:54 CST 2018.
    -->
    <where >
      <foreach collection="oredCriteria" item="criteria" separator="or" >
        <if test="criteria.valid" >
          <trim prefix="(" suffix=")" prefixOverrides="and" >
            <foreach collection="criteria.criteria" item="criterion" >
              <choose >
                <when test="criterion.noValue" >
                  and ${criterion.condition}
                </when>
                <when test="criterion.singleValue" >
                  and ${criterion.condition} #{criterion.value}
                </when>
                <when test="criterion.betweenValue" >
                  and ${criterion.condition} #{criterion.value} and #{criterion.secondValue}
                </when>
                <when test="criterion.listValue" >
                  and ${criterion.condition}
                  <foreach collection="criterion.value" item="listItem" open="(" close=")" separator="," >
                    #{listItem}
                  </foreach>
                </when>
              </choose>
            </foreach>
          </trim>
        </if>
      </foreach>
    </where>
  </sql>
  <sql id="Update_By_Example_Where_Clause" >
    <!--
      WARNING - @mbggenerated
      This element is automatically generated by MyBatis Generator, do not modify.
      This element was generated on Thu Jan 11 10:21:54 CST 2018.
    -->
    <where >
      <foreach collection="example.oredCriteria" item="criteria" separator="or" >
        <if test="criteria.valid" >
          <trim prefix="(" suffix=")" prefixOverrides="and" >
            <foreach collection="criteria.criteria" item="criterion" >
              <choose >
                <when test="criterion.noValue" >
                  and ${criterion.condition}
                </when>
                <when test="criterion.singleValue" >
                  and ${criterion.condition} #{criterion.value}
                </when>
                <when test="criterion.betweenValue" >
                  and ${criterion.condition} #{criterion.value} and #{criterion.secondValue}
                </when>
                <when test="criterion.listValue" >
                  and ${criterion.condition}
                  <foreach collection="criterion.value" item="listItem" open="(" close=")" separator="," >
                    #{listItem}
                  </foreach>
                </when>
              </choose>
            </foreach>
          </trim>
        </if>
      </foreach>
    </where>
  </sql>
  <sql id="Base_Column_List" >
    <!--
      WARNING - @mbggenerated
      This element is automatically generated by MyBatis Generator, do not modify.
      This element was generated on Thu Jan 11 10:21:54 CST 2018.
    -->
    process_id, order_id, process_create_time, process_status_id
  </sql>
  <select id="selectByExample" resultMap="BaseResultMap" parameterType="com.fjk.hotel.order.po.ProcessExample" >
    <!--
      WARNING - @mbggenerated
      This element is automatically generated by MyBatis Generator, do not modify.
      This element was generated on Thu Jan 11 10:21:54 CST 2018.
    -->
    select
    <if test="distinct" >
      distinct
    </if>
    'true' as QUERYID,
    <include refid="Base_Column_List" />
    from t_process
    <if test="_parameter != null" >
      <include refid="Example_Where_Clause" />
    </if>
    <if test="orderByClause != null" >
      order by ${orderByClause}
    </if>
  </select>
  <select id="selectByPrimaryKey" resultMap="BaseResultMap" parameterType="java.lang.Long" >
    <!--
      WARNING - @mbggenerated
      This element is automatically generated by MyBatis Generator, do not modify.
      This element was generated on Thu Jan 11 10:21:54 CST 2018.
    -->
    select 
    <include refid="Base_Column_List" />
    from t_process
    where process_id = #{processId,jdbcType=BIGINT}
  </select>
  <delete id="deleteByPrimaryKey" parameterType="java.lang.Long" >
    <!--
      WARNING - @mbggenerated
      This element is automatically generated by MyBatis Generator, do not modify.
      This element was generated on Thu Jan 11 10:21:54 CST 2018.
    -->
    delete from t_process
    where process_id = #{processId,jdbcType=BIGINT}
  </delete>
  <delete id="deleteByExample" parameterType="com.fjk.hotel.order.po.ProcessExample" >
    <!--
      WARNING - @mbggenerated
      This element is automatically generated by MyBatis Generator, do not modify.
      This element was generated on Thu Jan 11 10:21:54 CST 2018.
    -->
    delete from t_process
    <if test="_parameter != null" >
      <include refid="Example_Where_Clause" />
    </if>
  </delete>
  <insert id="insert" parameterType="com.fjk.hotel.order.po.Process" >
    <!--
      WARNING - @mbggenerated
      This element is automatically generated by MyBatis Generator, do not modify.
      This element was generated on Thu Jan 11 10:21:54 CST 2018.
    -->
    insert into t_process (process_id, order_id, process_create_time, 
      process_status_id)
    values (#{processId,jdbcType=BIGINT}, #{orderId,jdbcType=BIGINT}, #{processCreateTime,jdbcType=TIMESTAMP}, 
      #{processStatusId,jdbcType=BIGINT})
  </insert>
  <insert id="insertSelective" parameterType="com.fjk.hotel.order.po.Process" >
    <!--
      WARNING - @mbggenerated
      This element is automatically generated by MyBatis Generator, do not modify.
      This element was generated on Thu Jan 11 10:21:54 CST 2018.
    -->
    insert into t_process
    <trim prefix="(" suffix=")" suffixOverrides="," >
      <if test="processId != null" >
        process_id,
      </if>
      <if test="orderId != null" >
        order_id,
      </if>
      <if test="processCreateTime != null" >
        process_create_time,
      </if>
      <if test="processStatusId != null" >
        process_status_id,
      </if>
    </trim>
    <trim prefix="values (" suffix=")" suffixOverrides="," >
      <if test="processId != null" >
        #{processId,jdbcType=BIGINT},
      </if>
      <if test="orderId != null" >
        #{orderId,jdbcType=BIGINT},
      </if>
      <if test="processCreateTime != null" >
        #{processCreateTime,jdbcType=TIMESTAMP},
      </if>
      <if test="processStatusId != null" >
        #{processStatusId,jdbcType=BIGINT},
      </if>
    </trim>
  </insert>
  <select id="countByExample" parameterType="com.fjk.hotel.order.po.ProcessExample" resultType="java.lang.Integer" >
    <!--
      WARNING - @mbggenerated
      This element is automatically generated by MyBatis Generator, do not modify.
      This element was generated on Thu Jan 11 10:21:54 CST 2018.
    -->
    select count(*) from t_process
    <if test="_parameter != null" >
      <include refid="Example_Where_Clause" />
    </if>
  </select>
  <update id="updateByExampleSelective" parameterType="map" >
    <!--
      WARNING - @mbggenerated
      This element is automatically generated by MyBatis Generator, do not modify.
      This element was generated on Thu Jan 11 10:21:54 CST 2018.
    -->
    update t_process
    <set >
      <if test="record.processId != null" >
        process_id = #{record.processId,jdbcType=BIGINT},
      </if>
      <if test="record.orderId != null" >
        order_id = #{record.orderId,jdbcType=BIGINT},
      </if>
      <if test="record.processCreateTime != null" >
        process_create_time = #{record.processCreateTime,jdbcType=TIMESTAMP},
      </if>
      <if test="record.processStatusId != null" >
        process_status_id = #{record.processStatusId,jdbcType=BIGINT},
      </if>
    </set>
    <if test="_parameter != null" >
      <include refid="Update_By_Example_Where_Clause" />
    </if>
  </update>
  <update id="updateByExample" parameterType="map" >
    <!--
      WARNING - @mbggenerated
      This element is automatically generated by MyBatis Generator, do not modify.
      This element was generated on Thu Jan 11 10:21:54 CST 2018.
    -->
    update t_process
    set process_id = #{record.processId,jdbcType=BIGINT},
      order_id = #{record.orderId,jdbcType=BIGINT},
      process_create_time = #{record.processCreateTime,jdbcType=TIMESTAMP},
      process_status_id = #{record.processStatusId,jdbcType=BIGINT}
    <if test="_parameter != null" >
      <include refid="Update_By_Example_Where_Clause" />
    </if>
  </update>
  <update id="updateByPrimaryKeySelective" parameterType="com.fjk.hotel.order.po.Process" >
    <!--
      WARNING - @mbggenerated
      This element is automatically generated by MyBatis Generator, do not modify.
      This element was generated on Thu Jan 11 10:21:54 CST 2018.
    -->
    update t_process
    <set >
      <if test="orderId != null" >
        order_id = #{orderId,jdbcType=BIGINT},
      </if>
      <if test="processCreateTime != null" >
        process_create_time = #{processCreateTime,jdbcType=TIMESTAMP},
      </if>
      <if test="processStatusId != null" >
        process_status_id = #{processStatusId,jdbcType=BIGINT},
      </if>
    </set>
    where process_id = #{processId,jdbcType=BIGINT}
  </update>
  <update id="updateByPrimaryKey" parameterType="com.fjk.hotel.order.po.Process" >
    <!--
      WARNING - @mbggenerated
      This element is automatically generated by MyBatis Generator, do not modify.
      This element was generated on Thu Jan 11 10:21:54 CST 2018.
    -->
    update t_process
    set order_id = #{orderId,jdbcType=BIGINT},
      process_create_time = #{processCreateTime,jdbcType=TIMESTAMP},
      process_status_id = #{processStatusId,jdbcType=BIGINT}
    where process_id = #{processId,jdbcType=BIGINT}
  </update>
</mapper>