<?xml version="1.0" encoding="UTF-8"?>
<beans xmlns="http://www.springframework.org/schema/beans"
       xmlns:xsi="http://www.w3.org/2001/XMLSchema-instance"
       xmlns:context="http://www.springframework.org/schema/context"
       xmlns:mvc="http://www.springframework.org/schema/mvc"
       xmlns:p="http://www.springframework.org/schema/p" xmlns:tx="http://www.springframework.org/schema/tx"
       xmlns:aop="http://www.springframework.org/schema/aop"
       xsi:schemaLocation="http://www.springframework.org/schema/beans
      http://www.springframework.org/schema/beans/spring-beans.xsd http://www.springframework.org/schema/context http://www.springframework.org/schema/context/spring-context.xsd http://www.springframework.org/schema/tx http://www.springframework.org/schema/tx/spring-tx.xsd http://www.springframework.org/schema/aop http://www.springframework.org/schema/aop/spring-aop.xsd
      http://www.springframework.org/schema/mvc http://www.springframework.org/schema/mvc/spring-mvc.xsd  ">
    <context:property-placeholder location="classpath:properties/pageInfo.properties"/>
    <!--扫描包下的注解文件-->
    <context:component-scan base-package="com.fjk.hotel.*.controller"/>
    <!--启用ajax响应注解-->
    <mvc:annotation-driven/>
    <mvc:default-servlet-handler/>
    <mvc:resources location="backgroundmanage/assets/css/" mapping="/css/**" />
    <mvc:resources location="backgroundmanage/assets/js/" mapping="/js/**" />
    <mvc:resources location="backgroundmanage/assets/images/" mapping="/images/**" />

    <!--配置注解自动代理-->
    <bean id="controllerDefaultAdvisorAutoProxyCreator" class="org.springframework.aop.framework.autoproxy.DefaultAdvisorAutoProxyCreator" depends-on="lifecycleBeanPostProcessor">
        <!--面向类的代理，代理Controller类-->
        <property name="proxyTargetClass" value="true"/>
    </bean>
    <!--配置 shiro 与 spring 整合的拦截器-->
    <bean id="controllerAuthorizationAttributeSourceAdvisor" class="org.apache.shiro.spring.security.interceptor.AuthorizationAttributeSourceAdvisor">
        <property name="securityManager" ref="securityManager"/>
    </bean>
    <!--全局异常处理（使用spring内置异常类处理）-->
    <bean class="org.springframework.web.servlet.handler.SimpleMappingExceptionResolver">
        <!--默认异常处理，跳转到500页面-->
        <property name="defaultErrorView" value="/500.jsp"/>
        <!--指定异常类 ，对应的页面-->
        <property name="exceptionMappings">
            <props>
                <!--出现未认证权限，跳转到该页面，自动添加 .jsp-->
                <prop key="org.apache.shiro.authz.UnauthorizedException">/unauthorized</prop>
            </props>
        </property>
    </bean>
</beans>